{"cameraMode":{"drawMode":0,"name":"Shaded","section":"Shading Mode"},"sceneLighting":true,"audioPlay":false,"sceneViewState":{"showFog":false,"showMaterialUpdate":false,"showSkybox":false,"showFlares":false,"showImageEffects":false,"showParticleSystems":true},"in2DMode":false,"pivot":{"x":-13329.951171875,"y":6377.2294921875,"z":-14855.232421875},"rotation":{"x":0.11813479661941529,"y":-0.3680083453655243,"z":0.04704289510846138,"w":0.9210869073867798},"size":7.796108722686768,"orthographic":true}