{"cameraMode":{"drawMode":0,"name":"Shaded","section":"Shading Mode"},"sceneLighting":false,"audioPlay":false,"sceneViewState":{"showFog":true,"showMaterialUpdate":false,"showSkybox":false,"showFlares":true,"showImageEffects":true,"showParticleSystems":true},"in2DMode":false,"pivot":{"x":256.0168762207031,"y":4.482977867126465,"z":237.2796630859375},"rotation":{"x":0.002056967467069626,"y":-0.8990922570228577,"z":0.004346799571067095,"w":0.4379686415195465},"size":34.05340576171875,"orthographic":false}