{"cameraMode":{"drawMode":0,"name":"Shaded","section":"Shading Mode"},"sceneLighting":true,"audioPlay":false,"sceneViewState":{"showFog":true,"showMaterialUpdate":false,"showSkybox":true,"showFlares":true,"showImageEffects":true,"showParticleSystems":true},"in2DMode":false,"pivot":{"x":-13312.9267578125,"y":6381.57958984375,"z":-14852.30078125},"rotation":{"x":-0.010923286899924279,"y":0.03132292255759239,"z":0.0034715435467660429,"w":-0.9999473690986633},"size":58.173118591308597,"orthographic":false}