{"cameraMode":{"drawMode":0,"name":"Shaded","section":"Shading Mode"},"sceneLighting":false,"audioPlay":false,"sceneViewState":{"showFog":true,"showMaterialUpdate":false,"showSkybox":false,"showFlares":true,"showImageEffects":true,"showParticleSystems":true},"in2DMode":false,"pivot":{"x":288.67919921875,"y":3.3088831901550295,"z":259.073486328125},"rotation":{"x":-0.015673022717237474,"y":-0.25514429807662966,"z":-0.004070245660841465,"w":0.9668731689453125},"size":36.91456985473633,"orthographic":false}